Country,"Density
(P/Km2)",Abbreviation,Agricultural Land( %),Land Area(Km2),Armed Forces size,Birth Rate,Calling Code,Co2-Emissions,CPI,CPI Change (%),Fertility Rate,Forested Area (%),Gasoline Price,GDP,Gross primary education enrollment (%),Gross tertiary education enrollment (%),Infant mortality,Life expectancy,Maternal mortality ratio,Minimum wage,Out of pocket health expenditure,Physicians per thousand,Population,Population: Labor force participation (%),Tax revenue (%),Total tax rate,Unemployment rate,Urban_population,Latitude,Longitude,HDI-UN
Afghanistan,60,AF,58.1,652230,323000,32.49,93,8672,149.9,2.3,4.47,2.1,0.7,19101353833,104,9.7,47.9,64.5,638,0.43,78.4,0.28,38041754,48.9,9.3,71.4,11.12,9797273,33.93911,67.709953,0.48
Albania,105,AL,43.1,28748,9000,11.78,355,4536,119.05,1.4,1.62,28.1,1.36,15278077447,107,55,7.8,78.5,15,1.12,56.9,1.2,2854191,55.7,18.6,36.6,12.33,1747593,41.153332,20.168331,0.8
Algeria,18,DZ,17.4,2381741,317000,24.28,213,150006,151.36,2,3.02,0.8,0.28,1.69988E+11,109.9,51.4,20.1,76.7,112,0.95,28.1,1.72,43053054,41.2,37.2,66.1,11.7,31510100,28.033886,1.659626,0.74
Angola,26,AO,47.5,1246700,117000,40.73,244,34693,261.73,17.1,5.52,46.3,0.97,94635415870,113.5,9.3,51.6,60.8,241,0.71,33.4,0.21,31825295,77.5,9.2,49.1,6.89,21061025,-11.202692,17.873887,0.59
Argentina,17,AR,54.3,2780400,105000,17.02,54,201348,232.75,53.5,2.26,9.8,1.1,4.49663E+11,109.7,90,8.8,76.5,39,3.35,17.6,3.96,44938712,61.3,10.1,106.3,9.79,41339571,-38.416097,-63.616672,0.84
Armenia,104,AM,58.9,29743,49000,13.99,374,5156,129.18,1.4,1.76,11.7,0.77,13672802158,92.7,54.6,11,74.9,26,0.66,81.6,4.4,2957731,55.6,20.9,22.6,16.99,1869848,40.069099,45.038189,0.76
Australia,3,AU,48.2,7741220,58000,12.6,61,375908,119.8,1.6,1.74,16.3,0.93,1.39268E+12,100.3,113.1,3.1,82.7,6,13.59,19.6,3.68,25766605,65.5,23,47.4,5.27,21844756,-25.274398,133.775136,0.95
Austria,109,AT,32.4,83871,21000,9.7,43,61448,118.06,1.5,1.47,46.9,1.2,4.46315E+11,103.1,85.1,2.9,81.6,5,11.17,17.9,5.17,8877067,60.7,25.4,51.4,4.67,5194416,47.516231,14.550072,0.92
Azerbaijan,123,AZ,57.7,86600,82000,14,994,37620,156.32,2.6,1.73,14.1,0.56,39207000000,99.7,27.7,19.2,72.9,26,0.47,78.6,3.45,10023318,66.5,13,40.7,5.51,5616165,40.143105,47.576927,0.74
The Bahamas,39,BS,1.4,13880,1000,13.97,1,1786,116.22,2.5,1.75,51.4,0.92,12827000000,81.4,15.1,8.3,73.8,70,5.25,27.8,1.94,389482,74.6,14.8,33.8,10.36,323784,25.03428,-77.39628,0.81
Bahrain,2239,BH,11.1,765,19000,13.99,973,31694,117.59,2.1,1.99,0.8,0.43,38574069149,99.4,50.5,6.1,77.2,14,2.66,25.1,0.93,1501635,73.4,4.2,13.8,0.71,1467109,26.0667,50.5577,0.88
Bangladesh,1265,BD,70.6,148460,221000,18.18,880,84246,179.68,5.6,2.04,11,1.12,3.02571E+11,116.5,20.6,25.1,72.3,173,0.51,71.8,0.58,167310838,59,8.8,33.4,4.19,60987417,23.684994,90.356331,0.66
Barbados,668,BB,23.3,430,1000,10.65,1,1276,134.09,4.1,1.62,14.7,1.81,5209000000,99.4,65.4,11.3,79.1,27,3.13,45.2,2.48,287025,65.2,27.5,35.6,10.33,89431,13.193887,-59.543198,0.79
Belarus,47,BY,42,207600,155000,9.9,375,58280,171.4,10.8,1.45,42.6,0.6,63080457023,100.5,87.4,2.6,74.2,2,1.49,34.5,5.19,9466856,64.1,14.7,53.3,4.59,7482982,53.709807,27.953389,0.81
Belgium,383,BE,44.6,30528,32000,10.3,32,96889,112.2,9.1,1.62,22.6,1.43,5.29607E+11,103.9,79.7,2.9,81.6,5,10.31,17.6,3.07,11484055,53.6,24,55.4,5.59,11259082,50.503887,4.469936,0.94
Belize,17,BZ,7,22966,2000,20.79,501,568,192.8,12.6,2.31,59.7,1.13,1879613600,111.7,24.7,11.2,74.5,36,1.65,22.7,1.12,390353,65.1,26.3,31.1,6.41,179039,17.189877,-88.49765,0.68
Benin,108,BJ,33.3,112622,12000,36.22,229,6476,123.4,8.2,4.84,37.8,0.72,14390709095,122,12.3,60.5,61.5,397,0.39,40.5,0.08,11801151,70.9,10.8,48.9,2.23,5648149,9.30769,2.315834,0.53
Bhutan,20,BT,13.6,38394,6000,17.26,975,1261,189.7,13.1,1.98,72.5,0.98,2446674101,100.1,15.6,24.8,71.5,183,0.32,19.8,0.42,727145,66.7,16,35.3,2.34,317538,27.514162,90.433601,0.67
Bolivia,11,BO,34.8,1098581,71000,21.75,591,21606,167.9,11.5,2.73,50.3,0.71,40895322865,98.2,40,21.8,71.2,155,1.36,25.9,1.59,11513100,71.8,17,83.7,3.5,8033035,-16.290154,-63.588653,0.69
Botswana,4,BW,45.6,581730,9000,24.82,267,6340,149.75,2.8,2.87,18.9,0.71,18340510789,103.2,24.9,30,69.3,144,0.29,5.3,0.37,2346179,70.8,19.5,25.1,18.19,1616550,-22.328474,24.684866,0.69
Brazil,25,BR,33.9,8515770,730000,13.92,55,462299,167.4,3.7,1.73,58.9,1.02,1.83976E+12,115.4,51.3,12.8,75.7,60,1.53,28.3,2.15,212559417,63.9,14.2,65.1,12.08,183241641,-14.235004,-51.92528,0.75
Bulgaria,64,BG,46.3,110879,31000,8.9,359,41708,114.42,3.1,1.56,35.4,1.11,86000000000,89.3,71,5.9,74.9,10,1.57,47.7,4.03,6975761,55.4,20.2,28.3,4.34,5256027,42.733883,25.48583,0.8
Burkina Faso,76,BF,44.2,274200,11000,37.93,226,3418,106.58,-3.2,5.19,19.3,0.98,15745810235,96.1,6.5,49,61.2,320,0.34,36.1,0.08,20321378,66.4,15,41.3,6.26,6092349,12.238333,-1.561593,0.45
Burundi,463,BI,79.2,27830,31000,39.01,257,495,182.11,-0.7,5.41,10.9,1.21,3012334882,121.4,6.1,41,61.2,548,0.22,19.1,0.1,11530580,79.2,13.6,41.2,1.43,1541177,-3.373056,29.918886,0.43
Ivory Coast,83,CI,64.8,322463,27000,35.74,225,9674,111.61,-0.9,4.65,32.7,0.93,58792205642,99.8,9.3,59.4,57.4,617,0.36,36,0.23,25716544,57,11.8,50.1,3.32,13176900,7.539989,-5.54708,0.55
Cambodia,95,KH,30.9,181035,191000,22.46,855,9919,127.63,2.5,2.5,52.9,0.9,27089389787,107.4,13.7,24,69.6,160,1.14,59.4,0.17,16486542,82.3,17.1,23.1,0.68,3924621,12.565679,104.990963,0.59
Cameroon,56,CM,20.6,475440,24000,35.39,237,8291,118.65,2.5,4.57,39.3,1.03,38760467033,103.4,12.8,50.6,58.9,529,0.35,69.7,0.09,25876380,76.1,12.8,57.7,3.38,14741256,7.369722,12.354722,0.58
Canada,4,CA,6.9,9984670,72000,10.1,1,544894,116.76,1.9,1.5,38.2,0.81,1.73643E+12,100.9,68.9,4.3,81.9,10,9.51,14.6,2.61,36991981,65.1,12.8,24.5,5.56,30628482,56.130366,-106.346771,0.94
Central African Republic,8,CF,8.2,622984,8000,35.35,236,297,186.86,37.1,4.72,35.6,1.41,2220307369,102,3,84.5,52.8,829,0.37,39.6,0.06,4745185,72,8.6,73.3,3.68,1982064,6.611111,20.939444,0.4
Chad,13,TD,39.7,1284000,35000,42.17,235,1016,117.7,-1,5.75,3.8,0.78,11314951343,86.8,3.3,71.4,54,1140,0.6,56.4,0.04,15946876,70.7,10.8,63.5,1.89,3712273,15.454166,18.732207,0.39
Chile,26,CL,21.2,756096,122000,12.43,56,85822,131.91,2.6,1.65,24.3,1.03,2.82318E+11,101.4,88.5,6.2,80,13,2,32.2,2.59,18952038,62.6,18.2,34,7.09,16610135,-35.675147,-71.542969,0.85
China,153,CN,56.2,9596960,2695000,10.9,86,9893038,125.08,2.9,1.69,22.4,0.96,1.991E+13,100.2,50.6,7.4,77,29,0.87,32.4,1.98,1397715000,68,9.4,59.2,4.32,842933962,35.86166,104.195397,0.77
Colombia,46,CO,40.3,1138910,481000,14.88,57,97814,140.95,3.5,1.81,52.7,0.68,3.23803E+11,114.5,55.3,12.2,77.1,83,1.23,18.3,2.18,50339443,68.8,14.4,71.2,9.71,40827302,4.570868,-74.297333,0.75
Comoros,467,KM,71.5,2235,1000,31.88,269,202,103.62,-4.3,4.21,19.7,1.45,1185728677,99.5,9,51.3,64.1,273,0.71,74.8,0.27,850886,43.3,11.5,219.6,4.34,248152,-11.6455,43.3333,0.56
Costa Rica,100,CR,34.5,51100,10000,13.97,506,8023,128.85,2.1,1.75,54.6,0.98,61773944174,113.3,55.2,7.6,80.1,27,1.84,21.5,2.89,5047561,62.1,13.6,58.3,11.85,4041885,9.748917,-83.753428,0.81
Croatia,73,HR,27.6,56594,18000,9,385,17488,109.82,0.8,1.47,34.4,1.26,60415553039,96.5,67.9,4,78.1,8,2.92,15.2,3,4067500,51.2,22,20.5,6.93,2328318,45.1,15.2,0.86
Cuba,106,CU,59.9,110860,76000,10.17,53,28284,112.2,9.1,1.62,31.3,1.4,1.00023E+11,101.9,41.4,3.7,78.7,36,0.05,40,8.42,11333483,53.6,20,37.5,1.64,8739135,21.521757,-77.781167,0.76
Cyprus,131,CY,12.2,9251,16000,10.46,357,6626,112.2,9.1,1.33,18.7,1.23,24564647935,99.3,75.9,1.9,80.8,6,5.78,43.9,1.95,1198575,63.1,24.5,22.4,7.27,800708,35.126413,33.429859,0.9
Czech Republic,139,CZ,45.2,78867,23000,10.7,420,102218,192.8,12.6,1.69,34.6,1.17,2.46489E+11,100.7,64.1,2.7,79,3,3,14.8,4.12,10669709,60.6,14.9,46.1,1.93,7887156,49.817492,15.472962,0.79
Denmark,137,DK,62,43094,15000,10.6,45,31786,123.4,8.2,1.73,14.7,1.55,3.48078E+11,101.3,80.6,3.6,81,4,16.44,13.7,4.01,5818553,62.2,32.4,23.8,4.91,5119978,56.26392,9.501785,0.95
Djibouti,43,DJ,73.4,23200,13000,21.47,253,620,189.7,13.1,2.73,0.2,1.32,3318716359,75.3,5.3,49.8,66.6,248,0.75,20.4,0.22,973560,60.2,12,37.9,10.3,758549,11.825138,42.590275,0.51
Dominica,96,DM,33.3,751,0,12,1,180,167.9,11.5,1.9,57.4,1.45,596033333,114.7,7.2,32.9,76.6,34,1.48,28.4,1.08,71808,64,22.1,32.6,23.3,50830,15.414999,-61.370976,0.72
Dominican Republic,225,DO,48.7,48670,71000,19.51,1,25258,135.5,1.8,2.35,41.7,1.07,88941298258,105.7,59.9,24.1,73.9,95,0.4,43.7,1.56,10738958,64.3,13,48.8,5.84,8787475,18.735693,-70.162651,0.77
Ecuador,71,EC,22.2,283561,41000,19.72,593,41155,124.14,0.3,2.43,50.2,0.61,1.07436E+11,103.3,44.9,12.2,76.8,59,2.46,43.7,2.04,17373662,68,14.5,34.4,3.97,11116711,-1.831239,-78.183406,0.74
Egypt,103,EG,3.8,1001450,836000,26.38,20,238560,288.57,9.2,3.33,0.1,0.4,3.03175E+11,106.3,35.2,18.1,71.8,37,0.55,62,0.45,100388073,46.4,12.5,44.4,10.76,42895824,26.820553,30.802498,0.73
El Salvador,313,SV,76.4,21041,42000,18.25,503,7169,111.23,0.1,2.04,12.6,0.83,27022640000,94.8,29.4,11.8,73.1,46,0.5,27.9,1.57,6453553,59.1,18.1,36.4,4.11,4694702,13.794185,-88.89653,0.68
Equatorial Guinea,50,GQ,10.1,28051,1000,33.24,240,5655,124.35,1.2,4.51,55.5,1.45,11026774945,61.8,1.9,62.6,58.4,301,1.05,72,0.4,1355986,62,6.1,79.4,6.43,984812,1.650801,10.267895,0.6
Eritrea,35,ER,75.2,117600,202000,30.3,291,711,192.8,12.6,4.06,14.9,2,2065001626,68.4,3.4,31.3,65.9,480,0.15,52.4,0.06,6333135,78.4,10,83.7,5.14,1149670,15.179384,39.782334,0.49
Estonia,31,EE,23.1,45228,6000,10.9,372,16590,112.2,9.1,1.59,51.3,1.14,31386949981,97.2,69.6,2.1,78.2,9,3.14,22.8,4.48,1331824,63.6,20.9,47.8,5.11,916024,58.595272,25.013607,0.89
Ethiopia,115,ET,36.3,1104300,138000,32.34,251,14870,192.8,12.6,4.25,12.5,0.75,96107662398,101,8.1,39.1,66.2,401,0.29,37.8,0.08,112078730,79.6,7.5,37.7,2.08,23788710,9.145,40.489673,0.5
Fiji,49,FJ,23.3,18274,4000,21.28,679,2046,123.4,8.2,2.77,55.9,0.82,5535548972,106.4,16.1,21.6,67.3,34,1.28,21.4,0.84,889953,57.6,24.2,32.1,4.1,505048,-17.713371,178.065032,0.73
Finland,18,FI,7.5,338145,25000,8.6,358,45871,189.7,13.1,1.41,73.1,1.45,2.68761E+11,100.2,88.2,1.4,81.7,3,14.26,19.9,3.81,5520314,59.1,20.8,36.6,6.59,4716888,61.92411,25.748151,0.94
France,119,FR,52.4,643801,307000,11.3,33,303276,167.9,11.5,1.88,31.2,1.39,2.71552E+12,102.5,65.6,3.4,82.5,8,11.16,6.8,3.27,67059887,55.1,24.2,60.7,8.43,54123364,46.227638,2.213749,0.9
Gabon,9,GA,20,267667,7000,31.61,241,5321,122.19,2.1,3.97,90,0.92,16657960228,139.9,8.3,32.7,66.2,252,1.46,25.9,0.68,2172579,52.9,10.2,47.1,20,1949694,-0.803689,11.609444,0.71
The Gambia,239,GM,59.8,11300,1000,38.54,220,532,172.73,7.1,5.22,48.4,1.18,1763819048,98,2.7,39,61.7,597,0.13,20.3,0.1,2347706,59.4,9.4,48.4,9.06,1453958,13.443182,-15.310139,0.5
Georgia,57,GE,34.5,69700,26000,13.47,995,10128,133.61,4.9,2.06,40.6,0.76,17743195770,98.6,63.9,8.7,73.6,25,0.05,57.3,7.12,3720382,68.3,21.7,9.9,14.4,2196476,42.315407,43.356892,0.8
Germany,240,DE,47.7,357022,180000,9.5,49,727973,112.85,1.4,1.56,32.7,1.39,3.84563E+12,104,70.2,3.1,80.9,7,9.99,12.5,4.25,83132799,60.8,11.5,48.8,3.04,64324835,51.165691,10.451526,0.94
Ghana,137,GH,69,238533,16000,29.41,233,16670,268.36,7.2,3.87,41.2,0.92,66983634224,104.8,15.7,34.9,63.8,308,0.27,36.1,0.14,30792608,67.8,12.6,55.4,4.33,17249054,7.946527,-1.023194,0.63
Greece,81,GR,47.6,131957,146000,8.1,30,62434,101.87,0.2,1.35,31.7,1.54,2.09853E+11,99.6,136.6,3.6,81.3,3,4.46,35.5,5.48,10716322,51.8,26.2,51.9,17.24,8507474,39.074208,21.824312,0.89
Grenada,331,GD,23.5,349,0,16.47,1,268,107.43,0.8,2.06,50,1.12,1228170370,106.9,104.6,13.7,72.4,25,1.54,57,1.41,112003,63.7,19.4,47.8,22.1,40765,12.1165,-61.679,0.8
Guatemala,167,GT,36,108889,43000,24.56,502,16777,142.92,3.7,2.87,32.7,0.79,76710385880,101.9,21.8,22.1,74.1,95,1.6,55.8,0.35,16604026,62.3,10.6,35.2,2.46,8540945,15.783471,-90.230759,0.63
Guinea,53,GN,59,245857,13000,36.36,224,2996,262.95,9.5,4.7,25.8,0.9,13590281809,91.5,11.6,64.9,61.2,576,0.46,54.5,0.08,12771246,61.5,10.8,69.3,4.3,4661505,9.945587,-9.696645,0.47
Guyana,4,GY,8.6,214969,3000,19.97,592,2384,116.19,2.1,2.46,83.9,0.9,4280443645,97.8,11.6,25.1,69.8,169,0.98,40.5,0.8,782766,56.2,22,30.6,11.85,208912,4.860416,-58.93018,0.71
Haiti,414,HT,66.8,27750,0,24.35,509,2978,179.29,12.5,2.94,3.5,0.81,8498981821,113.6,1.1,49.5,63.7,480,0.25,36.3,0.23,11263077,67.2,10,42.7,13.78,6328948,18.971187,-72.285215,0.54
Honduras,89,HN,28.9,112090,23000,21.6,504,9813,150.34,4.4,2.46,40,0.98,25095395475,91.5,26.2,15.1,75.1,65,1.01,49.1,0.31,9746117,68.8,17.3,39.1,5.39,5626433,15.199999,-86.241905,0.62
Hungary,107,HU,58.4,93028,40000,9.6,36,45537,121.64,3.3,1.54,22.9,1.18,1.60967E+11,100.8,48.5,3.6,75.8,12,2.62,29,3.41,9769949,56.5,23,37.9,3.4,6999582,47.162494,19.503304,0.85
Iceland,3,IS,18.7,103000,0,12,354,2065,129,3,1.71,0.5,1.69,24188035739,100.4,71.8,1.5,82.7,4,18.23,17,4.08,361313,75,23.3,31.9,2.84,339110,64.963051,-19.020835,0.96
India,464,IN,60.4,3287263,3031000,17.86,91,2407672,180.44,7.7,2.22,23.8,0.97,2.611E+12,113,28.1,29.9,69.4,145,0.3,65.1,0.86,1366417754,49.3,11.2,49.7,5.36,471031528,20.593684,78.96288,0.63
Indonesia,151,ID,31.5,1904569,676000,18.07,62,563325,151.18,3,2.31,49.9,0.63,1.11919E+12,106.4,36.3,21.1,71.5,177,0.48,48.3,0.43,270203917,67.5,10.2,30.1,4.69,151509724,-0.789275,113.921327,0.7
Iran,52,IR,28.2,1648195,563000,18.78,98,661710,550.93,39.9,2.14,6.6,0.4,4.45345E+11,110.7,68.1,12.4,76.5,16,1.58,39.7,1.58,82913906,44.7,7.4,44.7,11.38,62509623,32.427908,53.688046,0.77
Iraq,93,IQ,21.4,438317,209000,29.08,964,190061,119.86,0.4,3.67,1.9,0.61,2.34094E+11,108.7,16.2,22.5,70.5,79,1.24,76.5,0.71,39309783,43,2,30.8,12.82,27783368,33.223191,43.679291,0.69
Republic of Ireland,72,IE,64.5,70273,9000,12.5,353,37711,106.58,0.9,1.75,11,1.37,3.88699E+11,100.9,77.8,3.1,82.3,5,10.79,15.2,3.31,5007069,62.1,18.3,26.1,4.93,3133123,53.41291,-8.24389,0.94
Israel,400,IL,24.6,20770,178000,20.8,972,65166,108.15,0.8,3.09,7.7,1.57,3.95099E+11,104.9,63.4,3,82.8,3,7.58,24.4,4.62,9053300,64,23.1,25.3,3.86,8374393,31.046051,34.851612,0.92
Italy,206,IT,43.2,301340,347000,7.3,39,320411,110.62,0.6,1.29,31.8,1.61,2.00124E+12,101.9,61.9,2.6,82.9,2,11.37,22.8,3.98,60297396,49.6,24.3,59.1,9.89,42651966,41.87194,12.56738,0.9
Jamaica,273,JM,41,10991,4000,16.1,1876,8225,162.47,3.9,1.98,30.9,1.11,16458071068,91,27.1,12.4,74.4,80,1.33,23.7,1.31,2948279,66,26.8,35.1,8,1650594,18.109581,-77.297508,0.71
Japan,347,JP,12.3,377944,261000,7.4,81,1135886,105.48,0.5,1.42,68.5,1.06,5.08177E+12,98.8,63.2,1.8,84.2,5,6.77,13.1,2.41,126226568,61.7,11.9,46.7,2.29,115782416,36.204824,138.252924,0.93
Jordan,115,JO,12,89342,116000,21.98,962,25108,125.6,0.8,2.76,1.1,1.1,43743661972,81.5,34.4,13.9,74.4,46,1.49,25.1,2.32,10101694,39.3,15.1,28.6,14.72,9213048,30.585164,36.238414,0.72
Kazakhstan,7,KZ,80.4,2724900,71000,21.77,7,247207,182.75,5.2,2.84,1.2,0.42,1.80162E+11,104.4,61.7,8.8,73.2,10,0.41,38.8,3.25,18513930,68.8,11.7,28.4,4.59,10652915,48.019573,66.923684,0.81
Kenya,94,KE,48.5,580367,29000,28.75,254,17910,180.51,4.7,3.49,7.8,0.95,95503088538,103.2,11.5,30.6,66.3,342,0.25,33.4,0.16,52573973,74.7,15.1,37.2,2.64,14461523,-0.023559,37.906193,0.57
Kiribati,147,KI,42,811,0,27.89,686,66,99.55,0.6,3.57,15,1.45,194647202,101.3,50,41.2,68.1,92,1.2,0.2,0.2,117606,68.2,22,32.7,20.2,64489,1.8368976,-157.3768317,0.62
Kuwait,240,KW,8.4,17818,25000,13.94,965,98734,126.6,1.1,2.08,0.4,0.35,1.34761E+11,92.4,54.4,6.7,75.4,12,0.95,14.4,2.58,4207083,73.5,1.4,13,2.18,4207083,29.31166,47.481766,0.83
Kyrgyzstan,34,KG,55,199951,21000,27.1,996,9787,155.68,1.1,3.3,3.3,0.56,8454619608,107.6,41.3,16.9,71.4,60,0.09,48.2,1.88,6456900,59.8,18,29,6.33,2362644,41.20438,74.766098,0.69
Laos,32,LA,10.3,236800,129000,23.55,856,17763,135.87,3.3,2.67,82.1,0.93,18173839128,102.4,15,37.6,67.6,185,0.83,45.4,0.37,7169455,78.5,12.9,24.1,0.63,2555552,19.85627,102.495496,0.61
Latvia,30,LV,31.1,64589,6000,10,371,7004,116.86,2.8,1.6,54,1.16,34117202555,99.4,88.1,3.3,74.7,19,2.8,41.6,3.19,1912789,61.4,22.9,38.1,6.52,1304943,56.879635,24.603189,0.86
Lebanon,667,LB,64.3,10400,80000,17.55,961,24796,130.02,3,2.09,13.4,0.74,53367042272,95.1,26.3,6.4,78.9,29,2.15,32.1,2.1,6855713,47,15.3,32.2,6.23,6084994,33.854721,35.862285,0.71
Lesotho,71,LS,77.6,30355,2000,26.81,266,2512,155.86,5.2,3.14,1.6,0.7,2460072444,120.9,10.2,65.7,53.7,544,0.41,16.9,0.07,2125268,67.9,31.6,13.6,23.41,607508,-29.609988,28.233608,0.51
Liberia,53,LR,28,111369,2000,33.04,231,1386,223.13,23.6,4.32,43.1,0.8,3070518100,85.1,11.9,53.5,63.7,661,0.17,19.6,0.04,4937374,76.3,12.9,46.2,2.81,2548426,6.428055,-9.429499,0.48
Libya,4,LY,8.7,1759540,0,18.83,218,50564,125.71,2.6,2.24,0.1,0.11,52076250948,109,60.5,10.2,72.7,72,1.88,36.7,2.09,6777452,49.7,4,32.6,18.56,5448597,26.3351,17.228331,0.72
Lithuania,43,LT,47.2,65300,34000,10,370,12963,118.38,2.3,1.63,34.8,1.16,54219315600,103.9,72.4,3.3,75.7,8,2.41,32.1,6.35,2786844,61.6,16.9,42.6,6.35,1891013,55.169438,23.881275,0.88
Luxembourg,242,LU,53.7,2586,2000,10.3,352,8988,115.09,1.7,1.37,35.7,1.19,71104919108,102.3,19.2,1.9,82.1,5,13.05,10.6,3.01,645397,59.3,26.5,20.4,5.36,565488,49.815273,6.129583,0.93
Madagascar,48,MG,71.2,587041,22000,32.66,261,3905,184.33,5.6,4.08,21.4,1.11,14083906357,142.5,5.4,38.2,66.7,335,0.21,21.7,0.18,26969307,86.1,10.2,38.3,1.76,10210849,-18.766947,46.869107,0.5
Malawi,203,MW,61.4,118484,15000,34.12,265,1298,418.34,9.4,4.21,33.2,1.15,7666704427,142.5,0.8,35.3,63.8,349,0.12,11,0.04,18628747,76.7,17.3,34.5,5.65,3199301,-13.254308,34.301525,0.51
Malaysia,99,MY,26.3,329847,136000,16.75,60,248289,121.46,0.7,2,67.6,0.45,3.64702E+11,105.3,45.1,6.7,76,29,0.93,36.7,1.51,32447385,64.3,12,38.7,3.32,24475766,4.210484,101.975766,0.8
Maldives,1802,MV,26.3,298,5000,14.2,960,1445,99.7,0.2,1.87,3.3,1.63,5729248472,97.1,31.2,7.4,78.6,53,1.81,16.4,4.56,530953,69.8,19.5,30.2,6.14,213645,3.202778,73.22068,0.75
Mali,17,ML,33.8,1240192,18000,41.54,223,3179,108.73,-1.7,5.88,3.8,1.12,17510141171,75.6,4.5,62,58.9,562,0.23,46.3,0.13,19658031,70.8,11.6,54.5,7.22,8479688,17.570692,-3.996166,0.43
Malta,1380,MT,32.4,316,2000,9.2,356,1342,113.45,1.6,1.23,1.1,1.36,14786156563,105,54.3,6.1,82.3,6,5.07,37.1,2.86,502653,56.5,26.2,44,3.47,475902,35.937496,14.375416,0.92
Marshall Islands,329,MH,63.9,181,0,29.03,692,143,123.4,8.2,4.05,70.2,1.44,221278000,84.7,23.7,27.4,65.2,67,2,10,0.42,58791,68.7,17.8,65.9,16.3,45514,7.131474,171.184478,0.64
Mauritania,5,MR,38.5,1030700,21000,33.69,222,2739,112.2,9.1,4.56,0.2,1.13,7593752450,99.9,5,51.5,64.7,766,0.53,48.2,0.19,4525696,45.9,12,67,9.55,2466821,21.00789,-10.940835,0.56
Mauritius,626,MU,42.4,2040,3000,10.2,230,4349,192.8,12.6,1.41,19,1.12,14180444557,101.1,40.6,13.6,74.4,61,0.38,50.7,2.53,1265711,58.3,19.1,22.2,6.67,515980,-20.348404,57.552152,0.8
Mexico,66,MX,54.6,1964375,336000,17.6,52,486406,123.4,8.2,2.13,33.9,0.73,1.25829E+12,105.8,40.2,11,75,33,0.49,41.4,2.38,126014024,60.7,13.1,55.1,3.42,102626859,23.634501,-102.552784,0.76
Federated States of Micronesia,784,FM,31.4,702,0,22.82,691,143,189.7,13.1,3.05,91.9,1.45,401932279,97.2,14.1,25.6,67.8,88,0.01,2.5,0.18,113815,68.2,25.2,60.5,12.2,25963,7.425554,150.550812,0.63
Moldova,123,MD,74.2,33851,7000,10.1,373,5115,167.9,11.5,1.26,12.6,0.8,11955435457,90.6,39.8,13.6,71.8,19,0.31,46.2,3.21,2657637,43.1,17.7,38.7,5.47,1135502,47.411631,28.369885,0.77
Mongolia,2,MN,71.5,1564116,18000,24.13,976,25368,195.76,7.3,2.9,8,0.72,13852850259,104,65.6,14,69.7,45,0.65,39.3,2.86,3225167,59.7,16.8,25.7,6.01,2210626,46.862496,103.846656,0.74
Montenegro,47,ME,19,13812,12000,11.73,382,2017,116.32,2.6,1.75,61.5,1.16,5494736901,100,56.1,2.3,76.8,6,1.23,31.8,2.76,622137,54.4,23,22.2,14.88,417765,42.708678,19.37439,0.83
Morocco,83,MA,68.5,446550,246000,18.94,212,61276,111.07,0.2,2.42,12.6,0.99,1.18725E+11,113.9,35.9,19.2,76.5,70,1.6,53.1,0.73,36910560,45.3,21.9,45.8,9.02,22975026,31.791702,-7.09262,0.68
Mozambique,40,MZ,63.5,799380,11000,37.52,258,7943,182.31,2.8,4.85,48,0.65,14934159926,112.6,7.3,54,60.2,289,0.27,6.8,0.08,30366036,78.1,0,36.1,3.24,11092106,-18.665695,35.529562,0.45
Myanmar,83,MM,19.5,676578,513000,17.55,95,25280,168.18,8.8,2.15,43.6,0.54,76085852617,112.3,18.8,36.8,66.9,250,0.39,73.9,0.68,54045420,61.7,5.4,31.2,1.58,16674093,21.916221,95.955974,0.58
Namibia,3,NM,47.1,824292,16000,28.64,264,4228,157.97,3.7,3.4,8.3,0.76,12366527719,124.2,22.9,29,63.4,195,1.3,8.3,0.42,2494530,59.5,27.1,20.7,20.27,1273258,-22.95764,18.49041,0.61
Nepal,203,NP,28.7,147181,112000,19.89,977,9105,188.73,5.6,1.92,25.4,0.91,30641380604,142.1,12.4,26.7,70.5,186,0.36,60.4,0.75,28608710,83.8,20.7,41.8,1.41,5765513,28.394857,84.124008,0.6
Netherlands,508,NL,53.3,41543,41000,9.7,31,170780,115.91,2.6,1.59,11.2,1.68,9.0907E+11,104.2,85,3.3,81.8,5,10.29,12.3,3.61,17332850,63.6,23,41.2,3.2,15924729,52.132633,5.291266,0.94
New Zealand,18,NZ,40.5,268838,9000,11.98,64,34382,114.24,1.6,1.71,38.6,1.4,2.06929E+11,100,82,4.7,81.9,9,11.49,12.6,3.59,4841000,69.9,29,34.6,4.07,4258860,-40.900557,174.885971,0.94
Nicaragua,55,NI,42.1,130370,12000,20.64,505,5592,162.74,5.4,2.4,25.9,0.91,12520915291,120.6,17.4,15.7,74.3,98,0.54,36,0.98,6545502,66.4,15.6,60.6,6.84,3846137,12.865416,-85.207229,0.67
Niger,19,NE,36.1,1267000,10000,46.08,227,2017,109.32,-2.5,6.91,0.9,0.88,12928145120,74.7,4.4,48,62,509,0.29,52.3,0.04,23310715,72,11.8,47.2,0.47,3850231,17.607789,8.081666,0.4
Nigeria,226,NG,77.7,923768,215000,37.91,234,120369,267.51,11.4,5.39,7.2,0.46,4.4812E+11,84.7,10.2,75.7,54.3,917,0.54,72.2,0.38,200963599,52.9,1.5,34.8,8.1,102806948,9.081999,8.675277,0.54
Norway,15,NO,2.7,323802,23000,10.4,47,41023,120.27,2.2,1.56,33.2,1.78,4.03336E+11,100.3,82,2.1,82.8,2,20.02,14.3,2.92,5347896,63.8,23.9,36.2,3.35,4418218,60.472024,8.468946,0.96
Oman,16,OM,4.6,309500,47000,19.19,968,63457,113.53,0.1,2.89,0,0.45,76983094928,103.4,38,9.8,77.6,19,4.33,6.4,2,5266535,72.4,2.5,27.4,2.67,4250777,21.4735329,55.975413,0.82
Pakistan,287,PK,47.8,796095,936000,28.25,92,201150,182.32,10.6,3.51,1.9,0.79,3.044E+11,94.3,9,57.2,67.1,140,0.69,66.5,0.98,216565318,52.6,9.2,33.9,4.45,79927762,30.375321,69.345116,0.54
Palau,39,PW,10.9,459,0,14,680,224,118.17,1.3,2.21,87.6,1.45,283994900,112.6,54.7,16.6,69.1,190,3,21.8,1.18,18233,66,21.3,76.6,11.3,14491,7.51498,134.58252,0.77
Panama,58,PA,30.4,75420,26000,18.98,507,10715,122.07,-0.4,2.46,61.9,0.74,66800800000,94.4,47.8,13.1,78.3,52,1.53,30.5,1.57,4246439,66.6,13,37.2,3.9,2890084,8.537981,-80.782127,0.81
Papua New Guinea,20,PG,2.6,462840,4000,27.07,675,7536,155.99,3.6,3.56,74.1,1.36,24969611435,108.5,1.8,38,64.3,145,1.16,5.8,0.07,8776109,47.2,13.6,37.1,2.46,1162834,-6.314993,143.95555,0.56
Paraguay,18,PY,55.1,406752,27000,20.57,595,7407,143.82,2.8,2.43,37.7,1.04,38145288940,104.4,34.6,17.2,74.1,129,1.55,36.5,1.35,7044636,72.1,10,35,4.81,4359150,-23.442503,-58.443832,0.72
Peru,26,PE,18.5,1285216,158000,17.95,51,57414,129.78,2.1,2.25,57.7,0.99,2.26848E+11,106.9,70.7,11.1,76.5,88,1.28,30.9,1.27,32510453,77.6,14.3,36.8,3.31,25390339,-9.189967,-75.015152,0.76
Philippines,368,PH,41.7,300000,153000,20.55,63,122287,129.61,2.5,2.58,27.8,0.86,3.76796E+11,107.5,35.5,22.5,71.1,121,1.12,53.5,0.6,108116615,59.6,14,43.1,2.15,50975903,12.879721,121.774017,0.7
Poland,124,PL,46.9,312685,191000,10.2,48,299037,114.11,2.2,1.46,30.9,1.07,5.92164E+11,100,67.8,3.8,77.6,2,2.93,23.2,2.38,37970874,56.7,17.4,40.8,3.47,22796574,51.919438,19.145136,0.88
Portugal,111,PT,39.5,92212,52000,8.5,351,48742,110.62,0.3,1.38,34.6,1.54,2.37686E+11,106.2,63.9,3.1,81.3,8,3.78,27.7,5.12,10269417,58.8,22.8,39.8,6.33,6753579,39.399872,-8.224454,0.87
Qatar,248,QA,5.8,11586,22000,9.54,974,103259,115.38,-0.7,1.87,0,0.4,1.83466E+11,103.8,17.9,5.8,80.1,9,5.3,6.2,2.49,2832067,86.8,14.7,11.3,0.09,2809071,25.354826,51.183884,0.85
Romania,84,RO,58.8,238391,126000,9.6,40,69259,123.78,3.8,1.71,30.1,1.16,2.50077E+11,85.2,49.4,6.1,75.4,19,2.25,21.3,2.98,19356544,54.7,14.6,20,3.98,10468793,45.943161,24.96676,0.82
Russia,9,RU,13.3,17098240,1454000,11.5,7,1732027,180.75,4.5,1.57,49.8,0.59,1.69988E+12,102.6,81.9,6.1,72.7,17,0.53,36.4,4.01,144373535,61.8,11.4,46.2,4.59,107683889,61.52401,105.318756,0.83
Rwanda,525,RW,73.4,26338,35000,31.7,250,1115,151.09,3.4,4.04,19.7,1.17,10122472590,133,6.7,27,68.7,248,0.31,26,0.13,12626950,83.7,14.3,33.2,1.03,2186104,-1.940278,29.873888,0.53
Saint Lucia,301,LC,17.4,616,0,12,1,414,110.13,1.9,1.44,33.2,1.3,2122450630,102.6,14.1,14.9,76.1,117,1.54,48.4,0.64,182790,67.1,18.2,34.7,20.71,34280,13.909444,-60.978893,0.71
Samoa,70,WS,12.4,2831,0,24.38,685,246,117.56,1,3.88,60.4,0.91,850655017,110.5,7.6,13.6,73.2,43,0.78,11.5,0.34,202506,43.7,25.5,19.3,8.36,35588,-13.759029,-172.104629,0.71
Saudi Arabia,16,SA,80.8,2149690,252000,17.8,966,563449,118.4,-1.2,2.32,0.5,0.24,7.92967E+11,99.8,68,6,75,17,3.85,15,2.61,34268528,55.9,8.9,15.7,5.93,28807838,23.885942,45.079162,0.88
Senegal,87,SN,46.1,196722,19000,34.52,221,10902,109.25,1.8,4.63,42.8,1.14,23578084052,81,12.8,31.8,67.7,315,0.31,44.2,0.07,16296364,45.7,16.3,44.8,6.6,7765706,14.497401,-14.452362,0.51
Serbia,100,RS,39.3,77474,32000,9.2,381,45221,144,1.8,1.49,31.1,1.16,51409167351,100.3,67.2,4.8,75.5,12,1.57,40.6,3.11,6944975,54.9,18.6,36.6,12.69,3907243,44.016521,21.005859,0.8
Seychelles,214,SC,3.4,455,0,17.1,248,605,129.96,1.8,2.41,88.4,1.45,1698843063,100.4,17.1,12.4,72.8,53,2,2.5,0.95,97625,67.1,34.1,30.1,8.7,55762,-4.679574,55.491977,0.79
Sierra Leone,111,SL,54.7,71740,9000,33.41,232,1093,234.16,14.8,4.26,43.1,1.08,3941474311,112.8,2,78.5,54.3,1120,0.57,38.2,0.03,7813215,57.9,8.6,30.7,4.43,3319366,8.460555,-11.779889,0.48
Singapore,8358,SG,0.9,716,81000,8.8,65,37535,114.41,0.6,1.14,23.1,1.25,3.72063E+11,100.6,84.8,2.3,83.1,8,9.74,36.7,2.29,5703569,70.5,13.1,21,4.11,5703569,1.352083,103.819836,0.94
Slovakia,114,SK,39.2,49035,16000,10.6,421,32424,115.34,2.7,1.52,40.4,1.32,1.05422E+11,98.7,46.6,4.6,77.2,5,3.11,18.4,3.42,5454073,59.5,18.7,49.7,5.56,2930419,48.669026,19.699024,0.85
Slovenia,103,SI,30.7,20273,7000,9.4,386,12633,111.05,1.6,1.6,62,1.32,53742159517,100.4,78.6,1.7,81,7,5.25,12.5,3.09,2087946,58.4,18.6,31,4.2,1144654,46.151241,14.995463,0.92
Solomon Islands,25,SB,3.9,28896,0,32.44,677,169,133.06,1.6,4.4,77.9,1.45,1425074226,106.2,114,17.1,72.8,104,0.4,3.3,0.19,669823,83.8,29.5,32,0.58,162164,-9.64571,160.156194,0.56
South Africa,49,ZA,79.8,1219090,80000,20.51,27,476644,158.93,4.1,2.41,7.6,0.92,3.51432E+11,100.9,22.4,28.5,63.9,119,1.91,7.7,0.91,58558270,56,27.5,29.2,28.18,39149717,-30.559482,22.937506,0.71
South Korea,527,KR,17.4,99720,634000,6.4,82,620302,115.16,0.4,0.98,63.4,1.22,2.029E+12,98.1,94.3,2.7,82.6,11,6.49,36.8,2.36,51709098,63,15.6,33.2,4.15,42106719,35.907757,127.766922,0.93
South Sudan,18,SS,37.16,644329,185000,35.01,211,1727,4583.71,187.9,4.7,11.3,0.28,11997800751,73,0.74982,63.7,57.6,1150,0.62,61.3,0.0374,11062113,72.4,2.5,31.4,12.24,2201250,6.8769919,31.3069788,0.39
Spain,94,ES,52.6,505370,196000,7.9,34,244002,110.96,0.7,1.26,36.9,1.26,1.39412E+12,102.7,88.9,2.5,83.3,4,5.6,24.2,3.87,47076781,57.5,14.2,47,13.96,37927409,40.463667,-3.74922,0.91
Sri Lanka,341,LK,43.7,65610,317000,15.83,94,23362,155.53,3.5,2.2,32.9,0.88,84008783756,100.2,19.6,6.4,76.8,36,0.35,38.4,1,21803000,53.9,11.9,55.2,4.2,4052088,7.873054,80.771797,0.78
Sudan,25,SD,28.7,1861484,124000,32.18,249,20000,1344.19,51,4.41,8.1,0.95,18902284476,76.8,16.9,42.1,65.1,295,0.41,63.2,0.26,42813238,48.4,8,45.4,16.53,14957233,12.862807,30.217636,0.51
Suriname,4,SR,0.6,163820,2000,18.54,597,1738,294.66,22,2.42,98.3,1.29,3985250737,108.8,12.6,16.9,71.6,120,1.53,10.1,1.21,581372,51.1,19.5,27.9,7.33,384258,3.919305,-56.027783,0.73
Sweden,25,SE,7.4,450295,30000,11.4,46,43252,110.51,1.8,1.76,68.9,1.42,5.30833E+11,126.6,67,2.2,82.5,4,16.06,15.2,3.98,10285453,64.6,27.9,49.1,6.48,9021165,60.128161,18.643501,0.95
Switzerland,219,CH,38.4,41277,21000,10,41,34477,99.55,0.4,1.52,31.8,1.45,7.03082E+11,105.2,59.6,3.7,83.6,5,28.57,28.3,4.3,8574832,68.3,10.1,28.8,4.58,6332428,46.818188,8.227512,0.96
Syria,95,SY,75.8,185180,239000,23.69,963,28830,143.2,36.7,2.81,2.7,0.83,40405006007,81.7,40.1,14,71.8,31,1.02,53.7,1.22,17070135,44.1,14.2,42.7,8.37,9358019,34.802075,38.996815,0.58
Tajikistan,68,TJ,34.1,144100,17000,30.76,992,5310,148.57,6,3.59,3,0.71,8116626794,100.9,31.3,30.4,70.9,17,0.23,63.1,1.7,9321018,42,9.8,67.3,11.02,2545477,38.861034,71.276093,0.69
Tanzania,67,TZ,44.8,947300,28000,36.7,255,11973,187.43,3.5,4.89,51.6,0.87,63177068175,94.2,4,37.6,65,524,0.09,26.1,0.01,58005463,83.4,11.5,43.8,1.98,20011885,-6.369028,34.888822,0.55
Thailand,137,TH,43.3,513120,455000,10.34,66,283763,113.27,0.7,1.53,32.2,0.71,5.4365E+11,99.8,49.3,7.8,76.9,37,1.06,11.8,0.81,69625582,67.3,14.9,29.5,0.75,35294600,15.870032,100.992541,0.8
Togo,152,TG,70.2,56785,10000,33.11,228,3000,113.3,0.7,4.32,3.1,0.71,5459979417,123.8,14.5,47.4,60.8,396,0.34,51,0.08,8082366,77.6,16.9,48.2,2.04,3414638,8.619543,0.824782,0.54
Tonga,147,TO,45.8,747,4000,24.3,676,128,121.09,7.4,3.56,12.5,1.45,450353314,116.3,6.4,13.4,70.8,52,1.89,10.2,0.52,100209,59.8,22.3,27.5,1.12,24145,-21.178986,-175.198242,0.74
Tunisia,76,TN,64.8,163610,48000,17.56,216,29937,155.33,6.7,2.2,6.8,0.73,38797709924,115.4,31.7,14.6,76.5,43,0.47,39.8,1.3,11694719,46.1,21.1,60.7,16.02,8099061,33.886917,9.537499,0.73
Turkey,110,TR,49.8,783562,512000,16.03,90,372725,234.44,15.2,2.07,15.4,1.42,7.54412E+11,93.2,23.9,9.1,77.4,17,3.45,16.9,1.85,83429615,52.8,17.9,42.3,13.49,63097818,38.963745,35.243322,0.84
Turkmenistan,13,TM,72,488100,42000,23.83,993,70630,189.7,13.1,2.79,8.8,0.29,40761142857,88.4,8,39.3,68.1,7,0.88,71.1,2.22,5942089,64.5,10,15,3.91,3092738,38.969719,59.556278,0.74
Uganda,229,UG,71.9,241038,46000,38.14,256,5680,112.2,9.1,4.96,9.7,0.94,34387229486,102.7,4.8,33.8,63,375,0.01,40.5,0.17,44269594,70.3,11.7,33.7,1.84,10784516,1.373333,32.290275,0.53
Ukraine,75,UA,71.7,603550,297000,8.7,380,202250,192.8,12.6,1.3,16.7,0.83,1.53781E+11,99,82.7,7.5,71.6,19,0.84,47.8,2.99,44385155,54.2,20.1,45.2,8.88,30835699,48.379433,31.16558,0.77
United Arab Emirates,118,AE,5.5,83600,63000,10.33,971,206324,123.4,8.2,1.41,4.6,0.49,4.21142E+11,108.4,36.8,6.5,77.8,3,5.3,17.8,2.53,9770529,82.1,0.1,15.9,2.35,8479744,23.424076,53.847818,0.91
United Kingdom,281,GB,71.7,243610,148000,11,44,379025,189.7,13.1,1.68,13.1,1.46,2.82711E+12,101.2,60,3.6,81.3,7,10.13,14.8,2.81,66834405,62.8,25.5,30.6,3.85,55908316,55.378051,-3.435973,0.93
United States,36,US,44.4,9833517,1359000,11.6,1,5006302,167.9,11.5,1.73,33.9,0.71,2.14277E+13,101.8,88.2,5.6,78.5,19,7.25,11.1,2.61,328239523,62,9.6,36.6,14.7,270663028,37.09024,-95.712891,0.92
Uruguay,20,UY,82.6,176215,22000,13.86,598,6766,202.92,7.9,1.97,10.7,1.5,56045912952,108.5,63.1,6.4,77.8,17,1.66,16.2,5.05,3461734,64,20.1,41.8,8.73,3303394,-32.522779,-55.765835,0.81
Uzbekistan,79,UZ,62.9,447400,68000,23.3,998,91811,167.9,11.5,2.42,7.5,1.03,57921286440,104.2,10.1,19.1,71.6,29,0.24,42.7,2.37,33580650,65.1,14.8,31.6,5.92,16935729,41.377491,64.585262,0.73
Vanuatu,25,VU,15.3,12189,300,29.6,678,147,112.2,9.1,3.78,36.1,1.31,917058851,109.3,4.7,22.3,70.3,72,1.56,8.9,0.17,299882,69.9,17.8,8.5,4.39,76152,-15.376706,166.959158,0.61
Venezuela,32,VE,24.5,912050,343000,17.88,58,164175,192.8,12.6,2.27,52.7,0,4.82359E+11,97.2,79.3,21.4,72.1,125,0.01,45.8,1.92,28515829,59.7,12,73.3,8.8,25162368,6.42375,-66.58973,0.69
Vietnam,314,VN,39.3,331210,522000,16.75,84,192668,123.4,8.2,2.05,48.1,0.8,2.61921E+11,110.6,28.5,16.5,75.3,43,0.73,43.5,0.82,96462106,77.4,19.1,37.6,2.01,35332140,14.058324,108.277199,0.7
Yemen,56,YE,44.6,527968,40000,30.45,967,10609,189.7,13.1,3.79,1,0.92,26914402224,93.6,10.2,42.9,66.1,164,0.28,81,0.31,29161922,38,10,26.6,12.91,10869523,15.552727,48.516388,0.46
Zambia,25,ZM,32.1,752618,16000,36.19,260,5141,167.9,11.5,4.63,65.2,1.4,23064722446,98.7,4.1,40.4,63.5,213,0.24,27.5,1.19,17861030,74.6,16.2,15.6,11.43,7871713,-13.133897,27.849332,0.56
Zimbabwe,38,ZW,41.9,390757,51000,30.68,263,10983,105.51,0.9,3.62,35.5,1.34,21440758800,109.9,10,33.9,61.2,458,0.81,25.8,0.21,14645468,83.1,20.7,31.6,4.95,4717305,-19.015438,29.154857,0.59
